Intent,Question,Answer
Home,"What services does Calm Waters Plett offer?","Calm Waters Plett offers vacation home rental services, providing a range of properties for short-term stays in Plettenberg Bay."
Home,"Where is Calm Waters Plett located?","Calm Waters Plett is located in Plettenberg Bay, South Africa."
Home,"How can I book a stay with Calm Waters Plett?","To make a booking, please contact us directly through our contact form or email. We'll respond with availability and details."
Home,"What types of properties are available for rent?","Calm Waters Plett offers a variety of vacation homes suitable for couples, families, and groups."
Home,"Are there any special offers or promotions currently available?","Please visit our website or contact us directly for information on any current promotions or special offers."
Home,"Can I view photos of the properties?","Yes, property photos are available on our website, showcasing the interiors, amenities, and nearby attractions."
Home,"What amenities are included in the rental properties?","Amenities vary by property and may include fully equipped kitchens, Wi-Fi, air conditioning, and other features for comfort and convenience."
Home,"Is there a minimum stay requirement?","Minimum stay requirements vary by property and season; please inquire directly for specific details."
Home,"Are pets allowed in the rental properties?","Our pet policy varies depending on the property; please contact us for information on pet-friendly options."
Home,"What is the check-in and check-out time?","Check-in and check-out times may vary; please confirm with us at the time of booking."
Home,"Do you offer airport transportation services?","Currently, we do not offer airport transportation, but we can provide information on local services."
Home,"How far are the properties from the beach?","Most of our properties are within a short drive from Plettenberg Bay’s popular beaches."
Home,"Are the properties suitable for families with children?","Yes, many of our properties are family-friendly and provide suitable accommodations for children."
Home,"Is parking available at the properties?","Parking availability depends on the property; please confirm with us when booking."
Home,"Do you provide housekeeping services during the stay?","Housekeeping services can be arranged upon request; please inquire about availability and rates."
Home,"What is the cancellation policy?","Our cancellation policy varies by property; please refer to our booking terms or contact us for details."
Home,"Are there any additional fees or taxes?","Additional fees or taxes may apply based on the property; please check with us for specifics."
Home,"Can I book a property for a long-term stay?","Yes, some properties are available for long-term stays; contact us for rates and availability."
Home,"Do you offer any activities or tours for guests?","While we don’t offer tours, we can recommend local activities and attractions for your stay."
Home,"How can I contact customer support?","For support, please use the contact form on our website, email, or reach out via WhatsApp as provided in our contact information."
LocalArea,"What are the top attractions in Plettenberg Bay?","Top attractions include Robberg Nature Reserve, Plettenberg Bay beaches, and Monkeyland Primate Sanctuary."
LocalArea,"Are there any recommended restaurants nearby?","Yes, there are various highly recommended restaurants offering local and international cuisine; please contact us for our favorites."
LocalArea,"What outdoor activities are available in the area?","Outdoor activities include hiking, whale watching, beach outings, and water sports like kayaking and snorkeling."
LocalArea,"Are there any local events happening during my stay?","Please check local listings or contact us closer to your stay for updated event information."
LocalArea,"Where can I go whale watching in Plettenberg Bay?","Whale watching tours are available seasonally; Robberg Peninsula is a popular viewing spot."
LocalArea,"Are there hiking trails close to the properties?","Yes, Robberg Nature Reserve and Tsitsikamma National Park offer popular hiking trails nearby."
LocalArea,"What is the best time of year to visit Plettenberg Bay?","Plettenberg Bay is a year-round destination, though summer (December to February) offers the warmest weather."
LocalArea,"Are there any local markets or shopping areas nearby?","Yes, there are local markets and shopping areas, including Old Nick Village and Market Square Shopping Centre."
LocalArea,"Can you recommend family-friendly activities in the area?","Family-friendly activities include visits to Birds of Eden, Jukani Wildlife Sanctuary, and the beach."
LocalArea,"Is there a golf course near the properties?","Yes, Plettenberg Bay Country Club offers an 18-hole golf course within a short drive."
LocalArea,"What water sports are available in Plettenberg Bay?","Available water sports include surfing, kayaking, scuba diving, and stand-up paddleboarding."
LocalArea,"Are there any cultural or historical sites to visit?","Cultural and historical sites include Nelson Bay Cave and Van Plettenberg Beacon."
LocalArea,"Where can I find information about local wildlife tours?","Local wildlife tour information is available through tour operators and visitor centers; contact us for recommendations."
LocalArea,"Are there any wineries or vineyards to visit nearby?","Yes, several wineries in the Plett Winelands offer tastings and tours."
LocalArea,"What transportation options are available in Plettenberg Bay?","Transportation options include taxis, car rentals, and private shuttle services."
LocalArea,"Are there any spa or wellness centers in the area?","Yes, there are several spa and wellness centers offering massages, facials, and other treatments."
LocalArea,"Can you recommend any local art galleries or museums?","Yes, we recommend visiting the Plettenberg Bay Art Gallery and local artist studios for a cultural experience."
LocalArea,"Is there a local tourist information center?","Yes, there is a local tourist information center in Plettenberg Bay for additional resources."
LocalArea,"What are the best beaches in Plettenberg Bay?","Top beaches include Central Beach, Robberg Beach, and Keurbooms Beach."
LocalArea,"Are there any guided tours available in the area?","Yes, guided tours are available, including nature, wildlife, and cultural tours; contact us for details."
AboutUs,"What is the mission of Calm Waters Plett?","The mission of Calm Waters Plett is to provide high-quality vacation rentals and exceptional customer service for a memorable stay in Plettenberg Bay."
AboutUs,"How long has Calm Waters Plett been in operation?","Calm Waters Plett has been proudly serving guests in the Plettenberg Bay area for several years."
AboutUs,"Who are the founders of Calm Waters Plett?","Calm Waters Plett was founded by dedicated local property management professionals with a passion for hospitality."
AboutUs,"What experience does the team have in property management?","The team at Calm Waters Plett brings extensive experience in hospitality and property management, ensuring smooth and comfortable stays for all guests."
AboutUs,"What sets Calm Waters Plett apart from other rental services?","Calm Waters Plett is distinguished by its attention to detail, personalized service, and carefully curated selection of quality properties."
AboutUs,"How does Calm Waters Plett select its properties?","Properties are selected based on quality, location, and amenities, providing a range of options to suit various guest preferences."
AboutUs,"What is the company's approach to customer service?","Calm Waters Plett emphasizes responsive, friendly, and attentive customer service to create a seamless guest experience."
AboutUs,"Does Calm Waters Plett have any partnerships with local businesses?","Yes, Calm Waters Plett collaborates with local businesses to offer guests access to local attractions, dining, and experiences."
AboutUs,"What are the core values of Calm Waters Plett?","The core values of Calm Waters Plett include hospitality, quality, integrity, and a commitment to guest satisfaction."
AboutUs,"How does Calm Waters Plett ensure property quality?","Calm Waters Plett maintains rigorous quality standards, with regular property inspections to ensure comfort and cleanliness for guests."
AboutUs,"Can I read testimonials from previous guests?","Yes, guest testimonials are available on our website, showcasing feedback from previous visitors."
AboutUs,"Is Calm Waters Plett involved in any community initiatives?","Calm Waters Plett is dedicated to supporting the local community and engages in initiatives that promote sustainable tourism."
AboutUs,"What measures does the company take for sustainability?","The company prioritizes eco-friendly practices, including waste reduction and energy conservation efforts."
AboutUs,"How can property owners collaborate with Calm Waters Plett?","Property owners interested in collaborating with Calm Waters Plett can reach out via the contact form on our website for more information."
AboutUs,"What is the company's policy on guest privacy?","Calm Waters Plett is committed to protecting guest privacy and adheres to strict data protection and privacy policies."
AboutUs,"Does Calm Waters Plett have any awards or recognitions?","Calm Waters Plett is recognized for its high standards and commitment to quality in the vacation rental industry."
AboutUs,"How does the company handle guest feedback?","Guest feedback is taken seriously at Calm Waters Plett, and the team continuously works to improve the guest experience based on reviews."
AboutUs,"What is the booking process with Calm Waters Plett?","To book with Calm Waters Plett, guests can contact us via the contact form or email to confirm availability and complete their booking."
AboutUs,"Are there any career opportunities with Calm Waters Plett?","Career opportunities may be available; please contact us to inquire about open positions."
AboutUs,"How can I stay updated with news from Calm Waters Plett?","Stay updated by visiting our website or contacting us directly for the latest news and offerings."
Properties,"What types of properties are available for rent?","We offer a variety of properties including beachfront homes, cozy cabins, and spacious villas."
Properties,"How can I view the available properties?","To view available properties, please visit our website or contact us for current listings."
Properties,"What is the price range for the properties?","Prices vary depending on the property type and season; contact us for specific rates."
Properties,"Are there any beachfront properties available?","Yes, we have select beachfront properties. Please inquire for more details."
Properties,"Can I filter properties by the number of bedrooms?","Yes, you can filter properties based on the number of bedrooms. Contact us for assistance."
Properties,"Do the properties have Wi-Fi access?","Most of our properties offer complimentary Wi-Fi. Please check individual listings for details."
Properties,"Are there any pet-friendly properties?","We do have some pet-friendly options; contact us to discuss your requirements."
Properties,"What is included in the property amenities?","Amenities vary but typically include essentials such as linens, toiletries, and kitchenware."
Properties,"Can I see reviews from previous guests?","Yes, reviews are available on our website, or contact us for direct testimonials."
Properties,"Are there properties suitable for large groups?","We offer several large properties that can accommodate groups. Contact us for more details."
Properties,"Do the properties have air conditioning?","Some properties have air conditioning. Please specify if this is a requirement."
Properties,"Is there a minimum stay requirement for the properties?","Yes, minimum stay requirements vary by property. Please contact us for specifics."
Properties,"Are there any properties with private pools?","Yes, some properties feature private pools. Inquire for availability."
Properties,"Can I book a property for a long-term stay?","Long-term stays are available for select properties. Contact us to discuss your needs."
Properties,"What is the process for booking a property?","To book, please reach out through our contact form or email. We'll guide you through the process."
Properties,"Are there any additional fees when booking a property?","Additional fees may include cleaning and service charges. We'll inform you of any applicable fees."
Properties,"Can I request a property with a specific view?","Yes, you may request specific views; availability may vary by property."
Properties,"Do the properties come with fully equipped kitchens?","Many properties offer fully equipped kitchens, including appliances and cookware."
Properties,"Are there any accessible properties for guests with disabilities?","We offer a selection of accessible properties; please contact us for details."
Properties,"How often are the properties cleaned?","Properties are thoroughly cleaned before each guest’s arrival, with additional cleaning available upon request."
Contact,"How can I get in touch with Calm Waters Plett?","You can reach us via email, phone, or through our website contact form."
Contact,"What is the physical address of Calm Waters Plett?","Our location is in Plettenberg Bay; for details, please contact us directly."
Contact,"Is there a contact email for Calm Waters Plett?","Yes, you can email us at the address provided on our contact page."
Contact,"What is the phone number to reach Calm Waters Plett?","Please visit our website's contact section for our phone number."
Contact,"Are there specific hours during which I can contact Calm Waters Plett?","We are available during standard business hours; reach out for more specifics."
Contact,"Can I send a message directly through the website?","Yes, you can use the contact form on our website to send us a message."
Contact,"How long does it typically take to receive a response after contacting Calm Waters Plett?","We aim to respond within 24 hours for all inquiries."
Contact,"Is there a contact form available on the website?","Yes, our website features a contact form for easy communication."
Contact,"Who should I contact for property management inquiries?","Please contact us via our website or email for property management inquiries."
Contact,"Who should I contact for holiday rental inquiries?","Our team can assist with holiday rentals; use our website's contact form or email us."
Contact,"Is there a customer service hotline for immediate assistance?","For urgent assistance, please reach out during business hours via our contact number."
Contact,"Can I schedule a property viewing through the contact options provided?","Yes, property viewings can be arranged by contacting us directly."
Contact,"Is there a map available to locate the Calm Waters Plett office?","Our website includes location details; contact us for further directions."
Contact,"Can I follow Calm Waters Plett on social media platforms?","Yes, follow us on social media for updates; links are on our website."
Contact,"Is there a newsletter I can subscribe to for updates?","Subscribe to our newsletter through the website to receive the latest news."
Contact,"How do I provide feedback or reviews about my experience?","You can provide feedback through our contact form or on our social media pages."
Contact,"Are there alternative contact methods for international clients?","International clients can reach us via email or through WhatsApp for convenience."
Contact,"Can I request a callback from the Calm Waters Plett team?","Yes, request a callback by providing your details in our contact form."
Contact,"Is there a FAQ section to address common inquiries?","Our website features an FAQ section with answers to frequently asked questions."
Contact,"How do I report an issue or concern during my stay?","Please report any concerns through our contact form, email, or by calling us directly."